State,STATION,LATITUDE,LONGITUDE,ELEVATION,DATE,MLY-PRCP-75PCTL,MLY-SNOW-75PCTL,MLY-TAVG-NORMAL,MLY-TMAX-AVGNDS-GRTH090,MLY-TMAX-AVGNDS-LSTH032
TX,USC00410012,33.8338,-101.8436,1026.6,1,1.17,3.6,38.1,0,1.7
TX,USC00410012,33.8338,-101.8436,1026.6,2,1.07,2,41.8,0,0.9
TX,USC00410012,33.8338,-101.8436,1026.6,3,1.61,1,48.4,0,0.2
TX,USC00410012,33.8338,-101.8436,1026.6,4,1.94,0,56.9,1.5,0
TX,USC00410012,33.8338,-101.8436,1026.6,5,4.46,0,66.2,4.2,0
TX,USC00410012,33.8338,-101.8436,1026.6,6,4.35,0,74.2,11.9,0
TX,USC00410012,33.8338,-101.8436,1026.6,7,3.04,0,77.6,16.5,0
TX,USC00410012,33.8338,-101.8436,1026.6,8,3.36,0,77,15.8,0
TX,USC00410012,33.8338,-101.8436,1026.6,9,3.92,0,69.9,6.3,0
TX,USC00410012,33.8338,-101.8436,1026.6,10,3.32,0,59.6,0.9,0
TX,USC00410012,33.8338,-101.8436,1026.6,11,1.27,1.2,47.1,0,0.3
TX,USC00410012,33.8338,-101.8436,1026.6,12,1.48,4,38.4,0,1.5
CN,USC00060128,41.3491,-73.0918,41.5,1,5.36,,,,
CN,USC00060128,41.3491,-73.0918,41.5,2,3.77,,,,
CN,USC00060128,41.3491,-73.0918,41.5,3,6,,,,
CN,USC00060128,41.3491,-73.0918,41.5,4,6.37,,,,
CN,USC00060128,41.3491,-73.0918,41.5,5,5.86,,,,
CN,USC00060128,41.3491,-73.0918,41.5,6,5,,,,
CN,USC00060128,41.3491,-73.0918,41.5,7,5.83,,,,
CN,USC00060128,41.3491,-73.0918,41.5,8,4.52,,,,
CN,USC00060128,41.3491,-73.0918,41.5,9,5.49,,,,
CN,USC00060128,41.3491,-73.0918,41.5,10,6.95,,,,
CN,USC00060128,41.3491,-73.0918,41.5,11,5.92,,,,
CN,USC00060128,41.3491,-73.0918,41.5,12,5.46,,,,
DC,USC00182325,38.9385,-77.1134,45.7,1,3.57,,34.2,0,4.4
DC,USC00182325,38.9385,-77.1134,45.7,2,3.99,,37.8,0,1.7
DC,USC00182325,38.9385,-77.1134,45.7,3,4.9,,45.5,0,0.4
DC,USC00182325,38.9385,-77.1134,45.7,4,4.83,,56.2,0.4,0
DC,USC00182325,38.9385,-77.1134,45.7,5,5.87,,65.1,1.4,0
DC,USC00182325,38.9385,-77.1134,45.7,6,5.17,,74.1,6.9,0
DC,USC00182325,38.9385,-77.1134,45.7,7,5.99,,78.3,12.5,0
DC,USC00182325,38.9385,-77.1134,45.7,8,4.54,,76.8,8.6,0
DC,USC00182325,38.9385,-77.1134,45.7,9,5.83,,69.7,2.1,0
DC,USC00182325,38.9385,-77.1134,45.7,10,5.71,,57.8,0.1,0
DC,USC00182325,38.9385,-77.1134,45.7,11,5.14,,47.6,0,0
DC,USC00182325,38.9385,-77.1134,45.7,12,4.33,,37.6,0,2.1
AK,USW00025704,51.88333,-176.65,5.2,1,6.99,35.9,32.7,0,2.9
AK,USW00025704,51.88333,-176.65,5.2,2,4.92,25.5,33.5,0,2.7
AK,USW00025704,51.88333,-176.65,5.2,3,6.38,25.2,35,0,1.3
AK,USW00025704,51.88333,-176.65,5.2,4,3.8,11.1,37.6,0,0
AK,USW00025704,51.88333,-176.65,5.2,5,3.61,2.4,41.4,0,0
AK,USW00025704,51.88333,-176.65,5.2,6,3.48,0,45.5,0,0
AK,USW00025704,51.88333,-176.65,5.2,7,3.58,0,50,0,0
AK,USW00025704,51.88333,-176.65,5.2,8,5.37,0,52,0,0
AK,USW00025704,51.88333,-176.65,5.2,9,6.37,0,48.5,0,0
AK,USW00025704,51.88333,-176.65,5.2,10,7.64,1,43.7,0,0
AK,USW00025704,51.88333,-176.65,5.2,11,7.88,15.2,38.1,0,0
AK,USW00025704,51.88333,-176.65,5.2,12,6.8,30.4,34.3,0,1.1
VI,USC00440021,36.6687,-81.9646,586.7,1,4.6,5.5,33.1,0,5.2
VI,USC00440021,36.6687,-81.9646,586.7,2,4.59,6.5,36.8,0,3
VI,USC00440021,36.6687,-81.9646,586.7,3,4.74,2,44.5,0,0.5
VI,USC00440021,36.6687,-81.9646,586.7,4,4.91,0,53.3,0,-7777
VI,USC00440021,36.6687,-81.9646,586.7,5,5.97,0,62,0,0
VI,USC00440021,36.6687,-81.9646,586.7,6,5.01,0,70,1,0
VI,USC00440021,36.6687,-81.9646,586.7,7,5.89,0,73,3.3,0
VI,USC00440021,36.6687,-81.9646,586.7,8,4.49,0,72.2,2.7,0
VI,USC00440021,36.6687,-81.9646,586.7,9,4.85,0,65.6,0.6,0
VI,USC00440021,36.6687,-81.9646,586.7,10,3.11,0,54.6,0,0
VI,USC00440021,36.6687,-81.9646,586.7,11,4.47,0,45.1,0,0.3
VI,USC00440021,36.6687,-81.9646,586.7,12,5.06,3.9,35.8,0,3.3
MS,USC00220008,34.5011,-89.5009,123.7,1,6.4,0,,,
MS,USC00220008,34.5011,-89.5009,123.7,2,6.61,0,,,
MS,USC00220008,34.5011,-89.5009,123.7,3,6.55,0,,,
MS,USC00220008,34.5011,-89.5009,123.7,4,6.94,0,,,
MS,USC00220008,34.5011,-89.5009,123.7,5,9.69,0,,,
MS,USC00220008,34.5011,-89.5009,123.7,6,5.39,0,,,
MS,USC00220008,34.5011,-89.5009,123.7,7,5.07,0,,,
MS,USC00220008,34.5011,-89.5009,123.7,8,5.43,0,,,
MS,USC00220008,34.5011,-89.5009,123.7,9,6.11,0,,,
MS,USC00220008,34.5011,-89.5009,123.7,10,5.68,0,,,
MS,USC00220008,34.5011,-89.5009,123.7,11,6.76,0,,,
MS,USC00220008,34.5011,-89.5009,123.7,12,7.56,0,,,
MI,USW00093825,37.0955,-89.9161,109.7,1,4.59,4,32.2,0,6.2
MI,USW00093825,37.0955,-89.9161,109.7,2,4.05,4.5,37.1,0,3
MI,USW00093825,37.0955,-89.9161,109.7,3,4.97,1,46,0,0.5
MI,USW00093825,37.0955,-89.9161,109.7,4,6.23,0,56.5,-7777,0
MI,USW00093825,37.0955,-89.9161,109.7,5,6.61,0,66.1,0.9,0
MI,USW00093825,37.0955,-89.9161,109.7,6,4.5,0,74.8,8.4,0
MI,USW00093825,37.0955,-89.9161,109.7,7,4.89,0,78.3,15.1,0
MI,USW00093825,37.0955,-89.9161,109.7,8,3.62,0,76.7,13,0
MI,USW00093825,37.0955,-89.9161,109.7,9,3.44,0,68.7,4,0
MI,USW00093825,37.0955,-89.9161,109.7,10,4.73,0,57.2,0,0
MI,USW00093825,37.0955,-89.9161,109.7,11,6.21,0,46.5,0,0.3
MI,USW00093825,37.0955,-89.9161,109.7,12,5.29,3.7,35.5,0,4.2
OH,USW00014895,40.9181,-81.4435,369.7,1,3.54,14.8,26.1,0,14.4
OH,USW00014895,40.9181,-81.4435,369.7,2,2.7,12.5,29,0,10.1
OH,USW00014895,40.9181,-81.4435,369.7,3,3.77,12,37.6,0,3.6
OH,USW00014895,40.9181,-81.4435,369.7,4,5.12,2.9,49.2,0,0.2
OH,USW00014895,40.9181,-81.4435,369.7,5,5.98,0,58.9,0.1,0
OH,USW00014895,40.9181,-81.4435,369.7,6,5.46,0,67.9,0.8,0
OH,USW00014895,40.9181,-81.4435,369.7,7,5.06,0,72,2.5,0
OH,USW00014895,40.9181,-81.4435,369.7,8,4.59,0,70.5,1.6,0
OH,USW00014895,40.9181,-81.4435,369.7,9,3.96,0,63.1,0.3,0
OH,USW00014895,40.9181,-81.4435,369.7,10,3.62,0.1,51.7,0,0
OH,USW00014895,40.9181,-81.4435,369.7,11,3.87,4.4,41.5,0,1.7
OH,USW00014895,40.9181,-81.4435,369.7,12,3.33,13.3,30.4,0,10.6
UT,USC00420061,40.4644,-111.7708,1545.3,1,3.05,20.5,28.9,0,8.3
UT,USC00420061,40.4644,-111.7708,1545.3,2,2.57,16.4,33.2,0,2.6
UT,USC00420061,40.4644,-111.7708,1545.3,3,2.72,11.5,42,0,0.3
UT,USC00420061,40.4644,-111.7708,1545.3,4,2.43,6.3,49,0,0
UT,USC00420061,40.4644,-111.7708,1545.3,5,2.68,0,57.4,0.4,0
UT,USC00420061,40.4644,-111.7708,1545.3,6,1.56,0,66.1,4.4,0
UT,USC00420061,40.4644,-111.7708,1545.3,7,1.02,0,73.2,13.7,0
UT,USC00420061,40.4644,-111.7708,1545.3,8,1.35,0,72.1,9.3,0
UT,USC00420061,40.4644,-111.7708,1545.3,9,1.8,0,63,1,0
UT,USC00420061,40.4644,-111.7708,1545.3,10,2.57,2.8,51.3,0,0
UT,USC00420061,40.4644,-111.7708,1545.3,11,2.38,12,39,0,1.8
UT,USC00420061,40.4644,-111.7708,1545.3,12,2.49,25,29.4,0,8.1
NC,USC00310090,35.3992,-80.1994,185.9,1,5.57,2.5,40.1,0,1.2
NC,USC00310090,35.3992,-80.1994,185.9,2,4.76,0,43.3,0,0.4
NC,USC00310090,35.3992,-80.1994,185.9,3,5.98,0,50.6,0,0.1
NC,USC00310090,35.3992,-80.1994,185.9,4,4.35,0,58.9,0,0
NC,USC00310090,35.3992,-80.1994,185.9,5,4.94,0,67.3,0.9,0
NC,USC00310090,35.3992,-80.1994,185.9,6,6.28,0,75.5,7.4,0
NC,USC00310090,35.3992,-80.1994,185.9,7,6.43,0,78.8,12.4,0
NC,USC00310090,35.3992,-80.1994,185.9,8,6.22,0,77.6,9.4,0
NC,USC00310090,35.3992,-80.1994,185.9,9,6.2,0,70.9,2.4,0
NC,USC00310090,35.3992,-80.1994,185.9,10,4.54,0,60.6,0.2,0
NC,USC00310090,35.3992,-80.1994,185.9,11,4.83,0,51.1,0,0
NC,USC00310090,35.3992,-80.1994,185.9,12,3.88,0,42.6,0,0.4
OR,USC00360022,40.5361,-79.8152,228,1,4.08,,,,
OR,USC00360022,40.5361,-79.8152,228,2,3.39,,,,
OR,USC00360022,40.5361,-79.8152,228,3,4.29,,,,
OR,USC00360022,40.5361,-79.8152,228,4,4.33,,,,
OR,USC00360022,40.5361,-79.8152,228,5,5.08,,,,
OR,USC00360022,40.5361,-79.8152,228,6,4.74,,,,
OR,USC00360022,40.5361,-79.8152,228,7,4.78,,,,
OR,USC00360022,40.5361,-79.8152,228,8,4.75,,,,
OR,USC00360022,40.5361,-79.8152,228,9,4.37,,,,
OR,USC00360022,40.5361,-79.8152,228,10,2.99,,,,
OR,USC00360022,40.5361,-79.8152,228,11,4.1,,,,
OR,USC00360022,40.5361,-79.8152,228,12,3.91,,,,
GE,USC00090010,31.938,-83.3077,73.2,1,6.04,0,47,0,0
GE,USC00090010,31.938,-83.3077,73.2,2,5.58,0,50.2,0,0
GE,USC00090010,31.938,-83.3077,73.2,3,7.06,0,56.2,0,0
GE,USC00090010,31.938,-83.3077,73.2,4,4.93,0,63.6,0,0
GE,USC00090010,31.938,-83.3077,73.2,5,3.22,0,71.6,4.2,0
GE,USC00090010,31.938,-83.3077,73.2,6,5.56,0,78.4,14.5,0
GE,USC00090010,31.938,-83.3077,73.2,7,4.63,0,81.1,22.7,0
GE,USC00090010,31.938,-83.3077,73.2,8,5.35,0,80.2,19.9,0
GE,USC00090010,31.938,-83.3077,73.2,9,5,0,74.8,8.5,0
GE,USC00090010,31.938,-83.3077,73.2,10,3.37,0,65.5,0.2,0
GE,USC00090010,31.938,-83.3077,73.2,11,4.2,0,56.2,0,0
GE,USC00090010,31.938,-83.3077,73.2,12,4.37,0,49.1,0,0.1
TN,USC00400049,35.7977,-89.1176,100.6,1,,,36.3,0,5.4
TN,USC00400049,35.7977,-89.1176,100.6,2,,,40.2,0,1.2
TN,USC00400049,35.7977,-89.1176,100.6,3,,,49.2,0,0.3
TN,USC00400049,35.7977,-89.1176,100.6,4,,,59.6,0,0
TN,USC00400049,35.7977,-89.1176,100.6,5,,,68.6,0.1,0
TN,USC00400049,35.7977,-89.1176,100.6,6,,,76.4,7.7,0
TN,USC00400049,35.7977,-89.1176,100.6,7,,,79.6,14.4,0
TN,USC00400049,35.7977,-89.1176,100.6,8,,,78.4,14,0
TN,USC00400049,35.7977,-89.1176,100.6,9,,,71.1,4,0
TN,USC00400049,35.7977,-89.1176,100.6,10,,,60.3,0,0
TN,USC00400049,35.7977,-89.1176,100.6,11,,,49.8,0,0
TN,USC00400049,35.7977,-89.1176,100.6,12,,,39.5,0,1.5
FL,USW00012832,29.73333,-85.03333,5.8,1,6.01,0,52.4,0,0
FL,USW00012832,29.73333,-85.03333,5.8,2,5.51,0,55.3,0,0
FL,USW00012832,29.73333,-85.03333,5.8,3,6.22,0,60.4,0,0
FL,USW00012832,29.73333,-85.03333,5.8,4,3.77,0,66.5,0.1,0
FL,USW00012832,29.73333,-85.03333,5.8,5,2.92,0,74.3,2.4,0
FL,USW00012832,29.73333,-85.03333,5.8,6,6.66,0,80.2,11.4,0
FL,USW00012832,29.73333,-85.03333,5.8,7,9.59,0,82.1,17.7,0
FL,USW00012832,29.73333,-85.03333,5.8,8,11.1,0,81.7,15.6,0
FL,USW00012832,29.73333,-85.03333,5.8,9,9.3,0,79,7,0
FL,USW00012832,29.73333,-85.03333,5.8,10,6.88,0,70.7,0.7,0
FL,USW00012832,29.73333,-85.03333,5.8,11,5.18,0,62,0,0
FL,USW00012832,29.73333,-85.03333,5.8,12,4.91,0,55.1,0,-7777
AZ,USC00020060,33.9433,-113.1875,659.9,1,1.37,0,49,0,0
AZ,USC00020060,33.9433,-113.1875,659.9,2,1.28,0,51.2,0,0
AZ,USC00020060,33.9433,-113.1875,659.9,3,1.25,0,56,0.4,0
AZ,USC00020060,33.9433,-113.1875,659.9,4,0.28,0,62.5,4.3,0
AZ,USC00020060,33.9433,-113.1875,659.9,5,0.07,0,71.5,15.5,0
AZ,USC00020060,33.9433,-113.1875,659.9,6,0.09,0,79.9,26.8,0
AZ,USC00020060,33.9433,-113.1875,659.9,7,1.26,0,86.1,30,0
AZ,USC00020060,33.9433,-113.1875,659.9,8,1.71,0,85.3,29.3,0
AZ,USC00020060,33.9433,-113.1875,659.9,9,1.25,0,78.6,23.6,0
AZ,USC00020060,33.9433,-113.1875,659.9,10,1.39,0,66.9,7.5,0
AZ,USC00020060,33.9433,-113.1875,659.9,11,0.69,0,55.5,0.2,0
AZ,USC00020060,33.9433,-113.1875,659.9,12,1.5,0,47.8,0,0
RI,USW00094793,41.16806,-71.57778,32,1,5.1,,32.6,0,6.2
RI,USW00094793,41.16806,-71.57778,32,2,4.02,,33.7,0,2.2
RI,USW00094793,41.16806,-71.57778,32,3,5.09,,38.2,0,0.9
RI,USW00094793,41.16806,-71.57778,32,4,5.13,,46.7,0,0.1
RI,USW00094793,41.16806,-71.57778,32,5,4.83,,55.1,0,0
RI,USW00094793,41.16806,-71.57778,32,6,5.76,,64.8,0,0
RI,USW00094793,41.16806,-71.57778,32,7,3.82,,70.2,0.2,0
RI,USW00094793,41.16806,-71.57778,32,8,3.96,,70,0.1,0
RI,USW00094793,41.16806,-71.57778,32,9,5.03,,64.7,0,0
RI,USW00094793,41.16806,-71.57778,32,10,4.64,,55.5,0,0
RI,USW00094793,41.16806,-71.57778,32,11,5.58,,47.4,0,0.1
RI,USW00094793,41.16806,-71.57778,32,12,5.2,,37.6,0,2.7
AK,USC00030006,35.0237,-94.1594,207.3,1,4.11,1.7,,,
AK,USC00030006,35.0237,-94.1594,207.3,2,3.97,1.5,,,
AK,USC00030006,35.0237,-94.1594,207.3,3,5.15,0,,,
AK,USC00030006,35.0237,-94.1594,207.3,4,6.37,0,,,
AK,USC00030006,35.0237,-94.1594,207.3,5,8.25,0,,,
AK,USC00030006,35.0237,-94.1594,207.3,6,6.22,0,,,
AK,USC00030006,35.0237,-94.1594,207.3,7,5.15,0,,,
AK,USC00030006,35.0237,-94.1594,207.3,8,3.64,0,,,
AK,USC00030006,35.0237,-94.1594,207.3,9,5.93,0,,,
AK,USC00030006,35.0237,-94.1594,207.3,10,6.57,0,,,
AK,USC00030006,35.0237,-94.1594,207.3,11,7,0,,,
AK,USC00030006,35.0237,-94.1594,207.3,12,4.83,0.5,,,
LA,USC00160007,29.9688,-92.1169,3,1,5.64,0,,,
LA,USC00160007,29.9688,-92.1169,3,2,6.37,0,,,
LA,USC00160007,29.9688,-92.1169,3,3,5.79,0,,,
LA,USC00160007,29.9688,-92.1169,3,4,5.27,0,,,
LA,USC00160007,29.9688,-92.1169,3,5,6.47,0,,,
LA,USC00160007,29.9688,-92.1169,3,6,11.79,0,,,
LA,USC00160007,29.9688,-92.1169,3,7,7.35,0,,,
LA,USC00160007,29.9688,-92.1169,3,8,8.19,0,,,
LA,USC00160007,29.9688,-92.1169,3,9,7.69,0,,,
LA,USC00160007,29.9688,-92.1169,3,10,6.93,0,,,
LA,USC00160007,29.9688,-92.1169,3,11,4.37,0,,,
LA,USC00160007,29.9688,-92.1169,3,12,5.77,0,,,
KA,USC00140010,38.9266,-97.2129,361.8,1,1.02,6.3,31.3,0,7
KA,USC00140010,38.9266,-97.2129,361.8,2,1.8,4.9,36.3,0,3.9
KA,USC00140010,38.9266,-97.2129,361.8,3,3.21,1.9,45.5,0,0.9
KA,USC00140010,38.9266,-97.2129,361.8,4,3.59,0,56.1,0.5,0
KA,USC00140010,38.9266,-97.2129,361.8,5,6.26,0,66.8,2.2,0
KA,USC00140010,38.9266,-97.2129,361.8,6,5.61,0,76.5,11.5,0
KA,USC00140010,38.9266,-97.2129,361.8,7,5.71,0,82,21.3,0
KA,USC00140010,38.9266,-97.2129,361.8,8,5.41,0,79.9,18.3,0
KA,USC00140010,38.9266,-97.2129,361.8,9,3.54,0,70.8,7,0
KA,USC00140010,38.9266,-97.2129,361.8,10,3.48,0,58.1,0.5,0
KA,USC00140010,38.9266,-97.2129,361.8,11,1.58,0,44.9,0,0.8
KA,USC00140010,38.9266,-97.2129,361.8,12,1.6,3.3,33.2,0,5.3
KN,USC00150012,37.2318,-86.6866,149.4,1,5.38,3,,,
KN,USC00150012,37.2318,-86.6866,149.4,2,5.3,7.1,,,
KN,USC00150012,37.2318,-86.6866,149.4,3,5.32,0.5,,,
KN,USC00150012,37.2318,-86.6866,149.4,4,5.84,0,,,
KN,USC00150012,37.2318,-86.6866,149.4,5,6.49,0,,,
KN,USC00150012,37.2318,-86.6866,149.4,6,5.63,0,,,
KN,USC00150012,37.2318,-86.6866,149.4,7,5.87,0,,,
KN,USC00150012,37.2318,-86.6866,149.4,8,4.33,0,,,
KN,USC00150012,37.2318,-86.6866,149.4,9,5.59,0,,,
KN,USC00150012,37.2318,-86.6866,149.4,10,5.17,0,,,
KN,USC00150012,37.2318,-86.6866,149.4,11,5.43,0,,,
KN,USC00150012,37.2318,-86.6866,149.4,12,7.21,0.9,,,
NH,USC00470045,42.6475,-89.0644,226.2,1,1.82,14.8,19.7,0,18.6
NH,USC00470045,42.6475,-89.0644,226.2,2,1.89,11.4,23.8,0,12.6
NH,USC00470045,42.6475,-89.0644,226.2,3,2.63,5.9,35.2,0,4.1
NH,USC00470045,42.6475,-89.0644,226.2,4,4.15,2,47.5,0,0.1
NH,USC00470045,42.6475,-89.0644,226.2,5,5.09,0,58.7,0.4,0
NH,USC00470045,42.6475,-89.0644,226.2,6,5.86,0,68.5,2.2,0
NH,USC00470045,42.6475,-89.0644,226.2,7,4.61,0,72.4,4.6,0
NH,USC00470045,42.6475,-89.0644,226.2,8,4.93,0,70.4,2.7,0
NH,USC00470045,42.6475,-89.0644,226.2,9,3.79,0,62.2,0.5,0
NH,USC00470045,42.6475,-89.0644,226.2,10,4.15,0,49.9,0,0
NH,USC00470045,42.6475,-89.0644,226.2,11,3.39,1.9,37.4,0,3.4
NH,USC00470045,42.6475,-89.0644,226.2,12,2.33,12.6,23.5,0,15.1
NY,USC00300023,42.1013,-77.2344,304.5,1,2.52,19,23.1,0,15.3
NY,USC00300023,42.1013,-77.2344,304.5,2,2,11.5,25.9,0,9.8
NY,USC00300023,42.1013,-77.2344,304.5,3,2.95,13.5,33.1,0,4
NY,USC00300023,42.1013,-77.2344,304.5,4,3.61,1,45.1,0.1,0.2
NY,USC00300023,42.1013,-77.2344,304.5,5,4.62,0,55.4,0.2,0
NY,USC00300023,42.1013,-77.2344,304.5,6,5.04,0,64.1,0.9,0
NY,USC00300023,42.1013,-77.2344,304.5,7,5.26,0,68.3,1.8,0
NY,USC00300023,42.1013,-77.2344,304.5,8,3.87,0,66.9,1.7,0
NY,USC00300023,42.1013,-77.2344,304.5,9,4.03,0,59.9,0.4,0
NY,USC00300023,42.1013,-77.2344,304.5,10,4.42,0,48.6,0,0
NY,USC00300023,42.1013,-77.2344,304.5,11,3.19,3,39,0,1.5
NY,USC00300023,42.1013,-77.2344,304.5,12,2.44,13,28.4,0,11.3
WA,USC00450013,47.2613,-123.7147,132.6,1,26.07,6.3,39.2,0,0.4
WA,USC00450013,47.2613,-123.7147,132.6,2,18.99,3.2,40.5,0,0.1
WA,USC00450013,47.2613,-123.7147,132.6,3,16.35,1.1,43.7,0,0
WA,USC00450013,47.2613,-123.7147,132.6,4,11.72,0,47.1,0,0
WA,USC00450013,47.2613,-123.7147,132.6,5,8.39,0,52.6,0.1,0
WA,USC00450013,47.2613,-123.7147,132.6,6,5.2,0,57,0.3,0
WA,USC00450013,47.2613,-123.7147,132.6,7,3.21,0,61.5,0.5,0
WA,USC00450013,47.2613,-123.7147,132.6,8,3,0,62.1,0.4,0
WA,USC00450013,47.2613,-123.7147,132.6,9,6.41,0,57.8,-7777,0
WA,USC00450013,47.2613,-123.7147,132.6,10,15.77,0,49.9,0,0
WA,USC00450013,47.2613,-123.7147,132.6,11,23.67,0.4,42.7,0,0.2
WA,USC00450013,47.2613,-123.7147,132.6,12,25.35,1.5,37.6,0,0.8
AL,USC00010008,31.5702,-85.2482,139,1,5.95,0,,,
AL,USC00010008,31.5702,-85.2482,139,2,6.05,0,,,
AL,USC00010008,31.5702,-85.2482,139,3,7.94,0,,,
AL,USC00010008,31.5702,-85.2482,139,4,5.15,0,,,
AL,USC00010008,31.5702,-85.2482,139,5,5.17,0,,,
AL,USC00010008,31.5702,-85.2482,139,6,6.59,0,,,
AL,USC00010008,31.5702,-85.2482,139,7,7.45,0,,,
AL,USC00010008,31.5702,-85.2482,139,8,5.04,0,,,
AL,USC00010008,31.5702,-85.2482,139,9,3.86,0,,,
AL,USC00010008,31.5702,-85.2482,139,10,4.35,0,,,
AL,USC00010008,31.5702,-85.2482,139,11,5.61,0,,,
AL,USC00010008,31.5702,-85.2482,139,12,6.41,0,,,
MT,USC00240075,47.0036,-114.4781,932.7,1,,,26.7,0,10.1
MT,USC00240075,47.0036,-114.4781,932.7,2,,,30.4,0,2
MT,USC00240075,47.0036,-114.4781,932.7,3,,,38.7,0,0.6
MT,USC00240075,47.0036,-114.4781,932.7,4,,,45.7,0,0
MT,USC00240075,47.0036,-114.4781,932.7,5,,,53.2,0.2,0
MT,USC00240075,47.0036,-114.4781,932.7,6,,,60.6,1.3,0
MT,USC00240075,47.0036,-114.4781,932.7,7,,,67.7,9.7,0
MT,USC00240075,47.0036,-114.4781,932.7,8,,,66.9,10.3,0
MT,USC00240075,47.0036,-114.4781,932.7,9,,,57.4,2,0
MT,USC00240075,47.0036,-114.4781,932.7,10,,,45.4,0,0.2
MT,USC00240075,47.0036,-114.4781,932.7,11,,,33.4,0,4.5
MT,USC00240075,47.0036,-114.4781,932.7,12,,,24.9,0,14.4
WV,USC00460094,39.4881,-79.6369,371.6,1,4.24,,,,
WV,USC00460094,39.4881,-79.6369,371.6,2,3.85,,,,
WV,USC00460094,39.4881,-79.6369,371.6,3,4.58,,,,
WV,USC00460094,39.4881,-79.6369,371.6,4,4.51,,,,
WV,USC00460094,39.4881,-79.6369,371.6,5,5.2,,,,
WV,USC00460094,39.4881,-79.6369,371.6,6,5.69,,,,
WV,USC00460094,39.4881,-79.6369,371.6,7,6.74,,,,
WV,USC00460094,39.4881,-79.6369,371.6,8,4.98,,,,
WV,USC00460094,39.4881,-79.6369,371.6,9,4.49,,,,
WV,USC00460094,39.4881,-79.6369,371.6,10,3.95,,,,
WV,USC00460094,39.4881,-79.6369,371.6,11,4.23,,,,
WV,USC00460094,39.4881,-79.6369,371.6,12,4.04,,,,
CO,USC00050105,37.3169,-104.9504,2634.7,1,1.07,17.5,,,
CO,USC00050105,37.3169,-104.9504,2634.7,2,1.38,22,,,
CO,USC00050105,37.3169,-104.9504,2634.7,3,1.97,34.2,,,
CO,USC00050105,37.3169,-104.9504,2634.7,4,1.94,29,,,
CO,USC00050105,37.3169,-104.9504,2634.7,5,2.62,6.5,,,
CO,USC00050105,37.3169,-104.9504,2634.7,6,3.04,0,,,
CO,USC00050105,37.3169,-104.9504,2634.7,7,5.01,0,,,
CO,USC00050105,37.3169,-104.9504,2634.7,8,5.13,0,,,
CO,USC00050105,37.3169,-104.9504,2634.7,9,2.38,0,,,
CO,USC00050105,37.3169,-104.9504,2634.7,10,1.75,11,,,
CO,USC00050105,37.3169,-104.9504,2634.7,11,0.82,9.6,,,
CO,USC00050105,37.3169,-104.9504,2634.7,12,1.15,25.1,,,
DE,USC00071200,39.5917,-75.7325,24.4,1,,,31.4,0,8.2
DE,USC00071200,39.5917,-75.7325,24.4,2,,,34.4,0,2.6
DE,USC00071200,39.5917,-75.7325,24.4,3,,,42.1,0,0.7
DE,USC00071200,39.5917,-75.7325,24.4,4,,,52.5,0.1,0
DE,USC00071200,39.5917,-75.7325,24.4,5,,,61.8,0.1,0
DE,USC00071200,39.5917,-75.7325,24.4,6,,,71.5,3.4,0
DE,USC00071200,39.5917,-75.7325,24.4,7,,,76,6.1,0
DE,USC00071200,39.5917,-75.7325,24.4,8,,,74.5,4.6,0
DE,USC00071200,39.5917,-75.7325,24.4,9,,,66.5,1,0
DE,USC00071200,39.5917,-75.7325,24.4,10,,,54.9,0,0
DE,USC00071200,39.5917,-75.7325,24.4,11,,,45.3,0,0
DE,USC00071200,39.5917,-75.7325,24.4,12,,,35.8,0,2.5
NE,USC00250030,42.4244,-103.7347,1423.4,1,0.3,4.4,24.9,0,6.8
NE,USC00250030,42.4244,-103.7347,1423.4,2,0.48,7.6,27.5,0,5.1
NE,USC00250030,42.4244,-103.7347,1423.4,3,0.78,7.7,36.2,0,2.5
NE,USC00250030,42.4244,-103.7347,1423.4,4,2.09,7,44.7,0.1,0.4
NE,USC00250030,42.4244,-103.7347,1423.4,5,3.87,1.5,54.3,0.5,0
NE,USC00250030,42.4244,-103.7347,1423.4,6,3.48,0,63.6,4.5,0
NE,USC00250030,42.4244,-103.7347,1423.4,7,2.63,0,70.5,15,0
NE,USC00250030,42.4244,-103.7347,1423.4,8,1.94,0,69,12.7,0
NE,USC00250030,42.4244,-103.7347,1423.4,9,2.2,0,59.1,3.8,0
NE,USC00250030,42.4244,-103.7347,1423.4,10,1.87,2.2,46.1,0,0.5
NE,USC00250030,42.4244,-103.7347,1423.4,11,0.56,5.5,32.9,0,3.4
NE,USC00250030,42.4244,-103.7347,1423.4,12,0.29,5.6,23.6,0,8.3
PN,USC00320022,48.33,-98.1184,476.4,2,0.56,6,,,
PN,USC00320022,48.33,-98.1184,476.4,3,0.89,6.8,,,
PN,USC00320022,48.33,-98.1184,476.4,4,1.49,3,,,
PN,USC00320022,48.33,-98.1184,476.4,5,3.8,0,,,
PN,USC00320022,48.33,-98.1184,476.4,6,4.44,0,,,
PN,USC00320022,48.33,-98.1184,476.4,7,4.62,0,,,
PN,USC00320022,48.33,-98.1184,476.4,8,3.36,0,,,
PN,USC00320022,48.33,-98.1184,476.4,9,2.55,0,,,
PN,USC00320022,48.33,-98.1184,476.4,10,2.29,3,,,
PN,USC00320022,48.33,-98.1184,476.4,11,1.12,8.5,,,
PN,USC00320022,48.33,-98.1184,476.4,12,0.65,10,,,
MA,USC00190120,42.3861,-72.5374,44.2,1,4.32,11.4,23.1,0,14.2
MA,USC00190120,42.3861,-72.5374,44.2,2,3.4,10.9,26.5,0,7.3
MA,USC00190120,42.3861,-72.5374,44.2,3,4.82,8.2,34.8,0,2.8
MA,USC00190120,42.3861,-72.5374,44.2,4,4.48,0.3,46.4,0.1,0.1
MA,USC00190120,42.3861,-72.5374,44.2,5,4.83,0,56.9,0.2,0
MA,USC00190120,42.3861,-72.5374,44.2,6,5.38,0,66.1,1,0
MA,USC00190120,42.3861,-72.5374,44.2,7,5.5,0,70.7,2.7,0
MA,USC00190120,42.3861,-72.5374,44.2,8,5.39,0,69.2,1.6,0
MA,USC00190120,42.3861,-72.5374,44.2,9,5.99,0,61.3,0.3,0
MA,USC00190120,42.3861,-72.5374,44.2,10,5.71,0,49.5,0,0
MA,USC00190120,42.3861,-72.5374,44.2,11,4.68,4.6,39.5,0,0.6
MA,USC00190120,42.3861,-72.5374,44.2,12,4.29,10,28.9,0,7.9
VT,USC00430277,43.1002,-72.7836,344.4,1,,,18.1,0,19.5
VT,USC00430277,43.1002,-72.7836,344.4,2,,,21.5,0,13.5
VT,USC00430277,43.1002,-72.7836,344.4,3,,,29.9,0,5.4
VT,USC00430277,43.1002,-72.7836,344.4,4,,,42.4,-7777,0.2
VT,USC00430277,43.1002,-72.7836,344.4,5,,,53.5,0.1,0
VT,USC00430277,43.1002,-72.7836,344.4,6,,,62.5,1.1,0
VT,USC00430277,43.1002,-72.7836,344.4,7,,,66.5,0.7,0
VT,USC00430277,43.1002,-72.7836,344.4,8,,,64.8,0.4,0
VT,USC00430277,43.1002,-72.7836,344.4,9,,,56.4,0.1,0
VT,USC00430277,43.1002,-72.7836,344.4,10,,,45.3,0.1,0
VT,USC00430277,43.1002,-72.7836,344.4,11,,,36.3,0,1.8
VT,USC00430277,43.1002,-72.7836,344.4,12,,,24.5,0,12.8
MD,USW00013701,39.4716,-76.1697,17.4,1,,,33.6,0,5.3
MD,USW00013701,39.4716,-76.1697,17.4,2,,,35.6,0,2.5
MD,USW00013701,39.4716,-76.1697,17.4,3,,,43,0,0.7
MD,USW00013701,39.4716,-76.1697,17.4,4,,,54.1,0.2,0
MD,USW00013701,39.4716,-76.1697,17.4,5,,,62.5,0.3,0
MD,USW00013701,39.4716,-76.1697,17.4,6,,,72.2,2.4,0
MD,USW00013701,39.4716,-76.1697,17.4,7,,,77.2,6.9,0
MD,USW00013701,39.4716,-76.1697,17.4,8,,,75.3,4.5,0
MD,USW00013701,39.4716,-76.1697,17.4,9,,,67.8,0.8,0
MD,USW00013701,39.4716,-76.1697,17.4,10,,,56.4,0,0
MD,USW00013701,39.4716,-76.1697,17.4,11,,,47,0,0
MD,USW00013701,39.4716,-76.1697,17.4,12,,,37.3,0,2.1
MN,USC00210018,47.2991,-96.5161,276.5,1,1.02,,6.8,0,26.8
MN,USC00210018,47.2991,-96.5161,276.5,2,0.88,,11.8,0,19.8
MN,USC00210018,47.2991,-96.5161,276.5,3,1.45,,25.7,0,10.9
MN,USC00210018,47.2991,-96.5161,276.5,4,2.06,,43.1,-7777,1
MN,USC00210018,47.2991,-96.5161,276.5,5,3.84,,55.8,0.4,0
MN,USC00210018,47.2991,-96.5161,276.5,6,6.02,,65.3,1.4,0
MN,USC00210018,47.2991,-96.5161,276.5,7,5.24,,69.8,2.8,0
MN,USC00210018,47.2991,-96.5161,276.5,8,3.34,,68.4,3.3,0
MN,USC00210018,47.2991,-96.5161,276.5,9,3.44,,58.1,0.5,0
MN,USC00210018,47.2991,-96.5161,276.5,10,3.21,,44.2,0,0.6
MN,USC00210018,47.2991,-96.5161,276.5,11,1.31,,27.5,0,11.4
MN,USC00210018,47.2991,-96.5161,276.5,12,1.1,,12.4,0,23.8
CA,USC00043244,37.5422,-122.0158,11.6,1,4.99,0,50.1,0,0
CA,USC00043244,37.5422,-122.0158,11.6,2,4.2,0,53,0,0
CA,USC00043244,37.5422,-122.0158,11.6,3,3.78,0,55.8,0,0
CA,USC00043244,37.5422,-122.0158,11.6,4,1.76,0,58.8,0.2,0
CA,USC00043244,37.5422,-122.0158,11.6,5,0.54,0,61.7,0.9,0
CA,USC00043244,37.5422,-122.0158,11.6,6,0.15,0,65.1,1.7,0
CA,USC00043244,37.5422,-122.0158,11.6,7,0,0,67.3,2,0
CA,USC00043244,37.5422,-122.0158,11.6,8,0,0,67.9,1.9,0
CA,USC00043244,37.5422,-122.0158,11.6,9,0.24,0,66.9,2.7,0
CA,USC00043244,37.5422,-122.0158,11.6,10,1.61,0,62.3,0.1,0
CA,USC00043244,37.5422,-122.0158,11.6,11,2.67,0,55.2,0,0
CA,USC00043244,37.5422,-122.0158,11.6,12,3.99,0,50.1,0,0
NJ,USW00054779,41.00889,-74.73667,177.7,1,,,26.3,0,12.2
NJ,USW00054779,41.00889,-74.73667,177.7,2,,,29.2,0,6.2
NJ,USW00054779,41.00889,-74.73667,177.7,3,,,37.9,0,1.6
NJ,USW00054779,41.00889,-74.73667,177.7,4,,,49.7,0.3,0
NJ,USW00054779,41.00889,-74.73667,177.7,5,,,59.2,0.3,0
NJ,USW00054779,41.00889,-74.73667,177.7,6,,,67.7,0.7,0
NJ,USW00054779,41.00889,-74.73667,177.7,7,,,72.3,4,0
NJ,USW00054779,41.00889,-74.73667,177.7,8,,,70.7,2.2,0
NJ,USW00054779,41.00889,-74.73667,177.7,9,,,63,0.5,0
NJ,USW00054779,41.00889,-74.73667,177.7,10,,,51.8,0,0
NJ,USW00054779,41.00889,-74.73667,177.7,11,,,41.9,0,0.5
NJ,USW00054779,41.00889,-74.73667,177.7,12,,,31.9,0,7
SD,USW00054933,45.71145,-99.12958,596.5,1,,,13.9,0,25.1
SD,USW00054933,45.71145,-99.12958,596.5,2,,,17,0,19.9
SD,USW00054933,45.71145,-99.12958,596.5,3,,,28.7,0,8.4
SD,USW00054933,45.71145,-99.12958,596.5,4,,,44.1,0,0.4
SD,USW00054933,45.71145,-99.12958,596.5,5,,,55.5,0,0
SD,USW00054933,45.71145,-99.12958,596.5,6,,,63.8,0,0
SD,USW00054933,45.71145,-99.12958,596.5,7,,,70.5,4.5,0
SD,USW00054933,45.71145,-99.12958,596.5,8,,,68.8,3.1,0
SD,USW00054933,45.71145,-99.12958,596.5,9,,,58.7,0.5,0
SD,USW00054933,45.71145,-99.12958,596.5,10,,,44.8,0,0.3
SD,USW00054933,45.71145,-99.12958,596.5,11,,,28.8,0,8.3
SD,USW00054933,45.71145,-99.12958,596.5,12,,,15.3,0,23.6
NM,USC00290022,36.3027,-104.2497,1874.5,1,0.39,4.5,,,
NM,USC00290022,36.3027,-104.2497,1874.5,2,0.74,7,,,
NM,USC00290022,36.3027,-104.2497,1874.5,3,0.97,4.1,,,
NM,USC00290022,36.3027,-104.2497,1874.5,4,1.15,1.9,,,
NM,USC00290022,36.3027,-104.2497,1874.5,5,2.51,0,,,
NM,USC00290022,36.3027,-104.2497,1874.5,6,2.98,0,,,
NM,USC00290022,36.3027,-104.2497,1874.5,7,3.62,0,,,
NM,USC00290022,36.3027,-104.2497,1874.5,8,4.2,0,,,
NM,USC00290022,36.3027,-104.2497,1874.5,9,2.3,0,,,
NM,USC00290022,36.3027,-104.2497,1874.5,10,1.41,1,,,
NM,USC00290022,36.3027,-104.2497,1874.5,11,0.8,4,,,
NM,USC00290022,36.3027,-104.2497,1874.5,12,0.59,6,,,
SC,USC00380126,33.0167,-81.3167,54.9,1,5.23,0,45.5,0,0.2
SC,USC00380126,33.0167,-81.3167,54.9,2,4.32,0,49.2,0,0.1
SC,USC00380126,33.0167,-81.3167,54.9,3,5.23,0,56,0.1,0
SC,USC00380126,33.0167,-81.3167,54.9,4,4.06,0,63.1,1.4,0
SC,USC00380126,33.0167,-81.3167,54.9,5,3.57,0,71.1,6.6,0
SC,USC00380126,33.0167,-81.3167,54.9,6,7.48,0,78.2,17.2,0
SC,USC00380126,33.0167,-81.3167,54.9,7,7.23,0,81.2,23.6,0
SC,USC00380126,33.0167,-81.3167,54.9,8,7.06,0,79.8,18.4,0
SC,USC00380126,33.0167,-81.3167,54.9,9,4.89,0,74.3,8.5,0
SC,USC00380126,33.0167,-81.3167,54.9,10,3.68,0,64.6,0.9,0
SC,USC00380126,33.0167,-81.3167,54.9,11,3.98,0,55.9,-7777,0
SC,USC00380126,33.0167,-81.3167,54.9,12,3.95,0,47.6,0,0.1
ID,USC00100010,42.9536,-112.8253,1342.6,1,0.94,10,22.2,0,14
ID,USC00100010,42.9536,-112.8253,1342.6,2,0.85,7.2,25.9,0,8.1
ID,USC00100010,42.9536,-112.8253,1342.6,3,1.2,2.3,36.3,0,1.5
ID,USC00100010,42.9536,-112.8253,1342.6,4,1.17,0,44.4,0,0
ID,USC00100010,42.9536,-112.8253,1342.6,5,1.5,0,53.3,0.1,0
ID,USC00100010,42.9536,-112.8253,1342.6,6,1.26,0,61,2,0
ID,USC00100010,42.9536,-112.8253,1342.6,7,0.69,0,68.3,10.7,0
ID,USC00100010,42.9536,-112.8253,1342.6,8,0.6,0,66.9,10.2,0
ID,USC00100010,42.9536,-112.8253,1342.6,9,1.11,0,57.1,1.5,0
ID,USC00100010,42.9536,-112.8253,1342.6,10,1.19,0,45.4,0,0
ID,USC00100010,42.9536,-112.8253,1342.6,11,1.04,2,32.9,0,3.1
ID,USC00100010,42.9536,-112.8253,1342.6,12,1.3,11.1,22.5,0,13
NV,USC00260125,36.01,-114.7963,500.2,1,,,50.1,0,0
NV,USC00260125,36.01,-114.7963,500.2,2,,,54,0,0
NV,USC00260125,36.01,-114.7963,500.2,3,,,60.2,0,0
NV,USC00260125,36.01,-114.7963,500.2,4,,,68.8,3.8,0
NV,USC00260125,36.01,-114.7963,500.2,5,,,78.8,18.7,0
NV,USC00260125,36.01,-114.7963,500.2,6,,,89.4,28.9,0
NV,USC00260125,36.01,-114.7963,500.2,7,,,94.4,30.7,0
NV,USC00260125,36.01,-114.7963,500.2,8,,,92.6,30.5,0
NV,USC00260125,36.01,-114.7963,500.2,9,,,84.6,26.4,0
NV,USC00260125,36.01,-114.7963,500.2,10,,,71.8,7.6,0
NV,USC00260125,36.01,-114.7963,500.2,11,,,58.7,0,0
NV,USC00260125,36.01,-114.7963,500.2,12,,,49.7,0,0
IL,USC00110050,38.5411,-89.6289,131.1,1,3.13,6.3,,,
IL,USC00110050,38.5411,-89.6289,131.1,2,2.76,4.4,,,
IL,USC00110050,38.5411,-89.6289,131.1,3,4.49,0.8,,,
IL,USC00110050,38.5411,-89.6289,131.1,4,4.17,0,,,
IL,USC00110050,38.5411,-89.6289,131.1,5,5.18,0,,,
IL,USC00110050,38.5411,-89.6289,131.1,6,6.15,0,,,
IL,USC00110050,38.5411,-89.6289,131.1,7,5.04,0,,,
IL,USC00110050,38.5411,-89.6289,131.1,8,3.82,0,,,
IL,USC00110050,38.5411,-89.6289,131.1,9,3.72,0,,,
IL,USC00110050,38.5411,-89.6289,131.1,10,4.95,0,,,
IL,USC00110050,38.5411,-89.6289,131.1,11,5.31,0,,,
IL,USC00110050,38.5411,-89.6289,131.1,12,3.75,3.4,,,
ME,USC00170100,44.3738,-68.2591,143.3,1,6.99,19,22.6,0,15.8
ME,USC00170100,44.3738,-68.2591,143.3,2,5.81,22.5,26.1,0,10
ME,USC00170100,44.3738,-68.2591,143.3,3,6.94,26,33.2,0,3.9
ME,USC00170100,44.3738,-68.2591,143.3,4,5.23,7,44.2,0,0.2
ME,USC00170100,44.3738,-68.2591,143.3,5,6.22,0,54.7,0.1,0
ME,USC00170100,44.3738,-68.2591,143.3,6,5.12,0,64,0.4,0
ME,USC00170100,44.3738,-68.2591,143.3,7,4.52,0,69.2,0.8,0
ME,USC00170100,44.3738,-68.2591,143.3,8,4.34,0,68.7,0.7,0
ME,USC00170100,44.3738,-68.2591,143.3,9,5.33,0,61.2,0.3,0
ME,USC00170100,44.3738,-68.2591,143.3,10,6.57,0,50.3,0,0
ME,USC00170100,44.3738,-68.2591,143.3,11,7.97,3,40.5,0,0.8
ME,USC00170100,44.3738,-68.2591,143.3,12,6.59,19.6,29.3,0,8.9
CA,USC00042760,38.23333,-121.2,28,1,5.63,0,,,
CA,USC00042760,38.23333,-121.2,28,2,4.44,0,,,
CA,USC00042760,38.23333,-121.2,28,3,4.28,0,,,
CA,USC00042760,38.23333,-121.2,28,4,2.43,0,,,
CA,USC00042760,38.23333,-121.2,28,5,1.23,0,,,
CA,USC00042760,38.23333,-121.2,28,6,0.34,0,,,
CA,USC00042760,38.23333,-121.2,28,7,0,0,,,
CA,USC00042760,38.23333,-121.2,28,8,0.03,0,,,
CA,USC00042760,38.23333,-121.2,28,9,0.36,0,,,
CA,USC00042760,38.23333,-121.2,28,10,1.64,0,,,
CA,USC00042760,38.23333,-121.2,28,11,4.1,0,,,
CA,USC00042760,38.23333,-121.2,28,12,5.22,0,,,